Time,Team,Operation,BuyVolume,SellVolume,EtfPosition,FuturePosition,EtfPrice,FuturePrice,TotalFees,AccountBalance,ProfitOrLoss,Status
2e-06,TraderOne,Tick,0,0,0,0,,,0,0,0,OK
0.292122,TraderOne,Tick,0,0,0,0,,,0,0,0,OK
0.513938,TraderOne,Tick,0,0,0,0,,,0,0,0,OK
0.749337,TraderOne,Tick,0,0,0,0,,,0,0,0,OK
0.954052,TraderOne,Tick,0,0,0,0,147600,,0,0,0,OK
1.289932,TraderOne,Tick,0,0,0,0,147600,147100,0,0,0,OK
1.499788,TraderOne,Tick,1,0,1,-1,147000,147100,29,-29,-129,OK
1.78497,TraderOne,Tick,1,0,1,-1,147000,147100,29,-29,-129,OK
2.023965,TraderOne,Tick,1,0,1,-1,147000,147100,29,-29,-129,OK
2.270849,TraderOne,Tick,1,0,1,-1,147000,146900,29,-29,71,OK
2.524846,TraderOne,Tick,16,0,16,-1,146400,146900,-191,-2204809,-4509,OK
2.765545,TraderOne,Tick,16,0,16,-1,146400,146900,-191,-2204809,-4509,OK
3.050977,TraderOne,Tick,16,0,16,-6,146400,146900,-191,-1471309,-5509,OK
3.214842,TraderOne,Tick,16,0,16,-6,146400,146900,-191,-1471309,-5509,OK
3.453178,TraderOne,Tick,16,93,-77,87,147200,146900,-1561,-1452939,661,OK
3.79675,TraderOne,Tick,33,93,-60,70,147000,146900,-1811,-1456089,6911,OK
3.963805,TraderOne,Tick,33,93,-60,70,147000,146900,-1811,-1456089,6911,OK
4.217235,TraderOne,Tick,33,93,-60,70,147000,146900,-1811,-1456089,6911,OK
4.470601,TraderOne,Tick,33,93,-60,70,147000,146900,-1811,-1456089,6911,OK
4.799063,TraderOne,Tick,52,93,-41,51,147000,146900,-2090,-1459610,5290,OK
5.0331,TraderOne,Tick,52,93,-41,51,147000,146900,-2090,-1459610,5290,OK
5.298693,TraderOne,Tick,52,93,-41,51,147000,146800,-2090,-1459610,190,OK
5.492805,TraderOne,Tick,52,93,-41,51,147000,146800,-2090,-1459610,190,OK
5.757688,TraderOne,Tick,52,93,-41,51,147000,146800,-2090,-1459610,190,OK
5.959505,TraderOne,Tick,52,93,-41,51,147000,146800,-2090,-1459610,190,OK
6.263654,TraderOne,Tick,52,93,-41,51,147000,146800,-2090,-1459610,190,OK
6.545794,TraderOne,Tick,52,93,-41,51,147000,146800,-2090,-1459610,190,OK
6.740535,TraderOne,Tick,52,96,-44,54,147200,146700,-2134,-1458066,134,OK
6.957609,TraderOne,Tick,52,96,-44,54,147200,146900,-2134,-1458066,2134,OK
7.213333,TraderOne,Tick,52,96,-44,54,147200,146900,-2134,-1458066,2134,OK
7.484415,TraderOne,Tick,52,96,-44,54,147200,146900,-2134,-1458066,2134,OK
7.70148,TraderOne,Tick,52,96,-44,54,147200,146900,-2134,-1458066,2134,OK
8.008005,TraderOne,Tick,52,96,-44,54,147200,146900,-2134,-1458066,2134,OK
8.200421,TraderOne,Tick,91,96,-5,15,147200,146900,-2709,-1473091,-5091,OK
8.530125,TraderOne,Tick,91,96,-5,15,147200,146900,-2709,-1473091,-5091,OK
8.703258,TraderOne,Tick,91,96,-5,15,147200,146900,-2709,-1473091,-5091,OK
9.033477,TraderOne,Tick,176,96,80,-70,147000,146900,-3958,-1507142,-30142,OK
9.264216,TraderOne,Tick,176,96,80,-70,147000,146900,-3958,-1507142,-30142,OK
9.510447,TraderOne,Tick,176,96,80,-70,147000,146900,-3958,-1507142,-30142,OK
9.795125,TraderOne,Tick,192,96,96,-70,147200,146900,-4194,-3862106,-23506,OK
9.98134,TraderOne,Tick,192,123,69,-59,147000,146900,-3400,-1510800,-34900,OK
10.262404,TraderOne,Tick,192,123,69,-59,147000,146900,-3400,-1510800,-34900,OK
10.530909,TraderOne,Tick,192,123,69,-59,147000,146900,-3400,-1510800,-34900,OK
10.788036,TraderOne,Tick,204,123,81,-59,147100,147000,-3577,-3275823,-33723,OK
11.015187,TraderOne,Tick,204,155,49,-39,147300,147000,-4049,-1508151,-28351,OK
11.255439,TraderOne,Tick,204,155,49,-39,147300,147000,-4049,-1508151,-28351,OK
11.492394,TraderOne,Tick,204,155,49,-39,147300,147000,-4049,-1508151,-28351,OK
11.747758,TraderOne,Tick,204,155,49,-39,147300,147200,-4049,-1508151,-31251,OK
11.963079,TraderOne,Tick,204,196,8,2,147300,147200,-4654,-1502546,-29746,OK
12.245401,TraderOne,Tick,204,196,8,2,147300,147200,-4654,-1502546,-29746,OK
12.506746,TraderOne,Tick,204,196,8,2,147300,147200,-4654,-1502546,-29746,OK
12.749756,TraderOne,Tick,204,196,8,2,147300,147200,-4654,-1502546,-29746,OK
13.020707,TraderOne,Tick,204,196,8,2,147300,147200,-4654,-1502546,-29746,OK
13.268542,TraderOne,Tick,248,196,52,-42,147100,147200,-5303,-1513897,-47097,OK
13.462385,TraderOne,Tick,248,196,52,-42,147100,147200,-5303,-1513897,-47097,OK
13.714069,TraderOne,Tick,272,196,76,-42,147100,147200,-5657,-5045543,-48343,OK
13.99733,TraderOne,Tick,272,196,76,-66,147100,147200,-5657,-1522343,-57943,OK
14.281363,TraderOne,Tick,272,196,76,-66,147100,147200,-5657,-1522343,-57943,OK
14.48174,TraderOne,Tick,272,196,76,-66,147100,147200,-5657,-1522343,-57943,OK
14.707964,TraderOne,Tick,272,196,76,-66,147100,147200,-5657,-1522343,-57943,OK
14.990556,TraderOne,Tick,272,196,76,-66,147100,147200,-5657,-1522343,-57943,OK
15.283077,TraderOne,Tick,272,196,76,-66,147100,147200,-5657,-1522343,-57943,OK
15.545049,TraderOne,Tick,272,212,60,-50,146900,146800,-5892,-1525308,-51308,OK
15.785988,TraderOne,Tick,272,212,60,-50,146900,146800,-5892,-1525308,-51308,OK
15.985208,TraderOne,Tick,272,212,60,-50,146900,146900,-5892,-1525308,-56308,OK
16.292635,TraderOne,Tick,272,212,60,-50,146900,146900,-5892,-1525308,-56308,OK
16.477832,TraderOne,Tick,272,212,60,-50,146900,146900,-5892,-1525308,-56308,OK
16.716421,TraderOne,Tick,272,212,60,-50,146900,146900,-5892,-1525308,-56308,OK
17.050063,TraderOne,Tick,272,212,60,-50,146900,146900,-5892,-1525308,-56308,OK
17.286026,TraderOne,Tick,272,212,60,-50,146900,146900,-5892,-1525308,-56308,OK
17.549168,TraderOne,Tick,272,212,60,-50,146900,146900,-5892,-1525308,-56308,OK
17.750148,TraderOne,Tick,272,212,60,-50,146900,146900,-5892,-1525308,-56308,OK
17.95601,TraderOne,Tick,272,212,60,-50,146700,146900,-5892,-1525308,-68308,OK
18.270883,TraderOne,Tick,272,212,60,-50,146700,146900,-5892,-1525308,-68308,OK
18.513557,TraderOne,Tick,272,212,60,-50,146700,147100,-5892,-1525308,-66308,OK
18.72173,TraderOne,Tick,272,212,60,-50,146700,147100,-5892,-1525308,-66308,OK
19.01428,TraderOne,Tick,272,212,60,-50,146700,147100,-5892,-1525308,-66308,OK
19.296056,TraderOne,Tick,272,212,60,-50,146700,147100,-5892,-1525308,-66308,OK
19.497239,TraderOne,Tick,272,212,60,-50,146700,147200,-5892,-1525308,-65308,OK
19.758465,TraderOne,Tick,272,212,60,-50,146700,147200,-5892,-1525308,-65308,OK
20.007961,TraderOne,Tick,272,212,60,-50,146700,147200,-5892,-1525308,-65308,OK
20.291635,TraderOne,Tick,272,212,60,-50,146700,147200,-5892,-1525308,-65308,OK
20.476554,TraderOne,Tick,272,228,44,-34,146900,147900,-6127,-1536273,-66073,OK
20.771244,TraderOne,Tick,302,315,-13,-32,147400,147900,-6528,6572028,-80872,OK
20.985424,TraderOne,Tick,302,315,-13,3,147400,147900,-6528,1395528,-80872,OK
21.203025,TraderOne,Tick,302,363,-61,3,147400,147900,-7236,8471436,-94564,OK
21.462702,TraderOne,Tick,311,363,-52,42,147500,147900,-6970,1370770,-97830,OK
21.791255,TraderOne,Tick,341,363,-22,12,147700,147900,-6084,1375884,-98716,OK
21.984149,TraderOne,Tick,371,363,8,-18,147700,148000,-5198,1380998,-100602,OK
22.218044,TraderOne,Tick,401,363,38,-18,147700,148000,-4312,-3050888,-98488,OK
22.472875,TraderOne,Tick,431,363,68,-58,147700,148100,-3426,-1562774,-95374,OK
22.776033,TraderOne,Tick,461,363,98,-88,147700,148100,-2540,-1554660,-93260,OK
23.038785,TraderOne,Tick,461,363,98,-88,147700,148000,-2540,-1554660,-94260,OK
23.210911,TraderOne,Tick,461,363,98,-88,147700,148000,-2540,-1554660,-94260,OK
23.547781,TraderOne,Tick,461,363,98,-88,147700,147700,-2540,-1554660,-77660,OK
23.701779,TraderOne,Tick,461,363,98,-88,147700,147700,-2540,-1554660,-77660,OK
24.047388,TraderOne,Tick,461,363,98,-88,147700,147700,-2540,-1554660,-77660,OK
24.227548,TraderOne,Tick,461,363,98,-88,147700,147700,-2540,-1554660,-77660,OK
24.538601,TraderOne,Tick,461,363,98,-88,147400,147700,-2540,-1554660,-97260,OK
24.782078,TraderOne,Tick,461,363,98,-88,147400,148100,-2540,-1554660,-93260,OK
25.014303,TraderOne,Tick,461,363,98,-88,147400,148100,-2540,-1554660,-93260,OK
25.224703,TraderOne,Tick,461,363,98,-88,147400,148200,-2540,-1554660,-92260,OK
25.467687,TraderOne,Tick,461,363,98,-88,147700,147900,-2540,-1554660,-95260,OK
25.710299,TraderOne,Tick,461,363,98,-88,147700,147900,-2540,-1554660,-95260,OK
25.966926,TraderOne,Tick,461,363,98,-88,147700,147900,-2540,-1554660,-95260,OK
26.27097,TraderOne,Tick,461,363,98,-88,147700,147900,-2540,-1554660,-95260,OK
26.465016,TraderOne,Tick,461,363,98,-88,147400,147900,-2540,-1554660,-95260,OK
26.744772,TraderOne,Tick,461,363,98,-88,147400,147900,-2540,-1554660,-95260,OK
26.97979,TraderOne,Tick,461,363,98,-88,147400,147900,-2540,-1554660,-95260,OK
27.296341,TraderOne,Tick,461,363,98,-88,147400,147900,-2540,-1554660,-95260,OK
27.516849,TraderOne,Tick,461,363,98,-88,147400,147900,-2540,-1554660,-95260,OK
27.7666,TraderOne,Tick,461,363,98,-88,147400,147900,-2540,-1554660,-95260,OK
28.02731,TraderOne,Tick,461,363,98,-88,147200,147800,-2540,-1554660,-96260,OK
28.24107,TraderOne,Tick,461,363,98,-88,147200,147800,-2540,-1554660,-96260,OK
28.457012,TraderOne,Tick,461,389,72,-62,147700,147800,-2924,-1555876,-85076,OK
28.742577,TraderOne,Tick,461,389,72,-62,147700,147600,-2924,-1555876,-72676,OK
29.022824,TraderOne,Tick,461,389,72,-62,147700,147600,-2924,-1555876,-72676,OK
29.298813,TraderOne,Tick,461,389,72,-62,147700,147600,-2924,-1555876,-72676,OK
29.537761,TraderOne,Tick,461,389,72,-62,147700,147600,-2924,-1555876,-72676,OK
29.765379,TraderOne,Tick,461,389,72,-62,147700,147600,-2924,-1555876,-72676,OK
29.96565,TraderOne,Tick,461,421,40,-30,147700,147600,-3397,-1547403,-67403,OK
30.257202,TraderOne,Tick,477,421,56,-46,147500,147600,-3633,-1551967,-81567,OK
30.545494,TraderOne,Tick,504,421,83,-73,147000,147600,-2839,-1547361,-87961,OK
30.791416,TraderOne,Tick,504,421,83,-73,147000,147400,-2839,-1547361,-89961,OK
31.019602,TraderOne,Tick,504,421,83,-73,147000,147400,-2839,-1547361,-89961,OK
31.228156,TraderOne,Tick,504,421,83,-73,147000,147400,-2839,-1547361,-89961,OK
31.474966,TraderOne,Tick,504,421,83,-73,147000,147400,-2839,-1547361,-89961,OK
31.717499,TraderOne,Tick,504,421,83,-73,147000,147400,-2839,-1547361,-89961,OK
31.992172,TraderOne,Tick,518,421,97,-87,147500,147400,-3045,-1545755,-62055,OK
32.247332,TraderOne,Tick,518,421,97,-87,147500,147400,-3045,-1545755,-62055,OK
32.493189,TraderOne,Tick,518,421,97,-87,147500,147400,-3045,-1545755,-62055,OK
32.774606,TraderOne,Tick,518,421,97,-87,147500,147600,-3045,-1545755,-79455,OK
32.988676,TraderOne,Tick,518,421,97,-87,147500,147600,-3045,-1545755,-79455,OK
33.225835,TraderOne,Tick,518,421,97,-87,147500,147600,-3045,-1545755,-79455,OK
33.452567,TraderOne,Tick,518,421,97,-87,147500,147600,-3045,-1545755,-79455,OK
33.717237,TraderOne,Tick,520,421,99,-89,146900,147600,-3075,-1546325,-90125,OK
34.012521,TraderOne,Tick,520,421,99,-89,146900,147600,-3075,-1546325,-90125,OK
34.26937,TraderOne,Tick,520,421,99,-89,146900,147200,-3075,-1546325,-94125,OK
34.510483,TraderOne,Tick,520,421,99,-89,146900,147200,-3075,-1546325,-94125,OK
34.743962,TraderOne,Tick,520,421,99,-89,146900,147200,-3075,-1546325,-94125,OK
35.02883,TraderOne,Tick,520,421,99,-89,146900,147200,-3075,-1546325,-94125,OK
35.230775,TraderOne,Tick,520,421,99,-89,146900,147300,-3075,-1546325,-93125,OK
35.512236,TraderOne,Tick,520,421,99,-89,147100,147000,-3075,-1546325,-66425,OK
35.742389,TraderOne,Tick,520,421,99,-89,147100,147000,-3075,-1546325,-66425,OK
36.007656,TraderOne,Tick,520,421,99,-89,147100,147000,-3075,-1546325,-66425,OK
36.298004,TraderOne,Tick,520,421,99,-89,147100,147000,-3075,-1546325,-66425,OK
36.539668,TraderOne,Tick,520,421,99,-89,147100,147000,-3075,-1546325,-66425,OK
36.727221,TraderOne,Tick,520,421,99,-89,147100,147000,-3075,-1546325,-66425,OK
37.026238,TraderOne,Tick,520,421,99,-89,147100,147000,-3075,-1546325,-66425,OK
37.271503,TraderOne,Tick,520,421,99,-89,147100,147000,-3075,-1546325,-66425,OK
37.46707,TraderOne,Tick,520,421,99,-89,147100,147300,-3075,-1546325,-93125,OK
37.773039,TraderOne,Tick,520,421,99,-89,147100,147300,-3075,-1546325,-93125,OK
38.04182,TraderOne,Tick,520,421,99,-89,147100,147300,-3075,-1546325,-93125,OK
38.231591,TraderOne,Tick,520,421,99,-89,147100,147300,-3075,-1546325,-93125,OK
38.5375,TraderOne,Tick,520,421,99,-89,147100,147300,-3075,-1546325,-93125,OK
38.798926,TraderOne,Tick,520,421,99,-89,147100,147300,-3075,-1546325,-93125,OK
39.036672,TraderOne,Tick,520,421,99,-89,147100,147300,-3075,-1546325,-93125,OK
39.256411,TraderOne,Tick,520,437,83,-73,147500,147300,-3311,-1547689,-58089,OK
39.463176,TraderOne,Tick,520,480,40,-30,147700,147300,-3946,-1547554,-66554,OK
39.800762,TraderOne,Tick,536,480,56,-30,147400,147300,-4182,-3905718,-70318,OK
40.021287,TraderOne,Tick,536,480,56,-46,147400,147300,-4182,-1548918,-70318,OK
40.261351,TraderOne,Tick,536,480,56,-46,147400,147300,-4182,-1548918,-70318,OK
40.4897,TraderOne,Tick,536,538,-2,12,147700,147300,-5038,-1532762,-60162,OK
40.761149,TraderOne,Tick,536,538,-2,12,147700,147300,-5038,-1532762,-60162,OK
41.032479,TraderOne,Tick,536,538,-2,12,147700,147300,-5038,-1532762,-60162,OK
41.259928,TraderOne,Tick,536,538,-2,12,147700,147300,-5038,-1532762,-60162,OK
41.460832,TraderOne,Tick,536,538,-2,12,147700,147300,-5038,-1532762,-60162,OK
41.717676,TraderOne,Tick,536,538,-2,12,147700,147300,-5038,-1532762,-60162,OK
42.040567,TraderOne,Tick,536,538,-2,12,147700,147200,-5038,-1532762,-61162,OK
42.229019,TraderOne,Tick,536,546,-10,20,147700,147200,-5156,-1530244,-60244,OK
42.464513,TraderOne,Tick,536,546,-10,20,147700,147200,-5156,-1530244,-60244,OK
42.793504,TraderOne,Tick,536,546,-10,20,147700,147200,-5156,-1530244,-60244,OK
43.014152,TraderOne,Tick,536,546,-10,20,147700,147200,-5156,-1530244,-60244,OK
43.206317,TraderOne,Tick,536,546,-10,20,147700,147200,-5156,-1530244,-60244,OK
43.54773,TraderOne,Tick,536,546,-10,20,147700,147200,-5156,-1530244,-60244,OK
43.778089,TraderOne,Tick,536,546,-10,20,147700,147400,-5156,-1530244,-58244,OK
44.043903,TraderOne,Tick,536,546,-10,20,147700,147400,-5156,-1530244,-58244,OK
44.210422,TraderOne,Tick,536,546,-10,20,147700,147400,-5156,-1530244,-58244,OK
44.526338,TraderOne,Tick,536,546,-10,20,147700,147400,-5156,-1530244,-58244,OK
44.754435,TraderOne,Tick,536,546,-10,20,147700,147400,-5156,-1530244,-58244,OK
44.952367,TraderOne,Tick,536,571,-35,45,147700,147400,-5525,-1524875,-57875,OK
45.252466,TraderOne,Tick,536,571,-35,45,147700,147500,-5525,-1524875,-56875,OK
45.473006,TraderOne,Tick,536,571,-35,45,147700,147500,-5525,-1524875,-56875,OK
45.779357,TraderOne,Tick,536,571,-35,45,147700,147500,-5525,-1524875,-56875,OK
45.993192,TraderOne,Tick,536,571,-35,45,147700,147500,-5525,-1524875,-56875,OK
46.276038,TraderOne,Tick,536,571,-35,45,147700,147500,-5525,-1524875,-56875,OK
46.509143,TraderOne,Tick,536,571,-35,45,147700,147500,-5525,-1524875,-56875,OK
46.748548,TraderOne,Tick,536,571,-35,45,147700,147500,-5525,-1524875,-56875,OK
46.987929,TraderOne,Tick,536,571,-35,45,147700,147500,-5525,-1524875,-56875,OK
47.267092,TraderOne,Tick,536,571,-35,45,147700,147500,-5525,-1524875,-56875,OK
47.540279,TraderOne,Tick,536,571,-35,45,147700,147500,-5525,-1524875,-56875,OK
47.772683,TraderOne,Tick,536,571,-35,45,147700,147500,-5525,-1524875,-56875,OK
48.028613,TraderOne,Tick,536,571,-35,45,147700,147500,-5525,-1524875,-56875,OK
48.245937,TraderOne,Tick,547,571,-24,45,147600,147500,-5687,-3148313,-53213,OK
48.54659,TraderOne,Tick,547,571,-24,34,147600,147500,-5687,-1531313,-58713,OK
48.723103,TraderOne,Tick,547,571,-24,34,147600,147500,-5687,-1531313,-58713,OK
48.969931,TraderOne,Tick,547,571,-24,34,147600,147500,-5687,-1531313,-58713,OK
49.219019,TraderOne,Tick,547,571,-24,34,147600,147500,-5687,-1531313,-58713,OK
49.453058,TraderOne,Tick,547,571,-24,34,147600,147500,-5687,-1531313,-58713,OK
49.791715,TraderOne,Tick,547,571,-24,34,147600,147500,-5687,-1531313,-58713,OK
50.026726,TraderOne,Tick,547,571,-24,34,147600,147500,-5687,-1531313,-58713,OK
50.240891,TraderOne,Tick,547,571,-24,34,147600,147500,-5687,-1531313,-58713,OK
50.548719,TraderOne,Tick,547,571,-24,34,147700,147500,-5687,-1531313,-61113,OK
50.727404,TraderOne,Tick,547,571,-24,34,147700,147500,-5687,-1531313,-61113,OK
51.001912,TraderOne,Tick,547,571,-24,34,147700,147500,-5687,-1531313,-61113,OK
51.261548,TraderOne,Tick,547,571,-24,34,147700,147500,-5687,-1531313,-61113,OK
51.531523,TraderOne,Tick,547,571,-24,34,147700,147500,-5687,-1531313,-61113,OK
51.799017,TraderOne,Tick,547,571,-24,34,147700,147500,-5687,-1531313,-61113,OK
52.04021,TraderOne,Tick,547,571,-24,34,147700,147300,-5687,-1531313,-63113,OK
52.206086,TraderOne,Tick,547,571,-24,34,147700,147300,-5687,-1531313,-63113,OK
52.542723,TraderOne,Tick,547,571,-24,34,147700,147300,-5687,-1531313,-63113,OK
52.70672,TraderOne,Tick,547,571,-24,34,147700,147300,-5687,-1531313,-63113,OK
53.007033,TraderOne,Tick,547,571,-24,34,147700,147300,-5687,-1531313,-63113,OK
53.213524,TraderOne,Tick,547,571,-24,34,147700,147300,-5687,-1531313,-63113,OK
53.477442,TraderOne,Tick,547,571,-24,34,147700,147300,-5687,-1531313,-63113,OK
53.726527,TraderOne,Tick,547,571,-24,34,147700,147300,-5687,-1531313,-63113,OK
54.023072,TraderOne,Tick,547,571,-24,34,147800,147300,-5687,-1531313,-63113,OK
54.212883,TraderOne,Tick,547,571,-24,34,147800,147300,-5687,-1531313,-63113,OK
54.475469,TraderOne,Tick,547,571,-24,34,147800,147200,-5687,-1531313,-64113,OK
54.773562,TraderOne,Tick,547,571,-24,34,147800,147200,-5687,-1531313,-64113,OK
55.039466,TraderOne,Tick,547,571,-24,34,147800,147200,-5687,-1531313,-64113,OK
55.232719,TraderOne,Tick,547,571,-24,34,147800,147300,-5687,-1531313,-63113,OK
55.467662,TraderOne,Tick,570,571,-1,11,147600,147000,-6027,-1540173,-70373,OK
55.783832,TraderOne,Tick,632,571,61,-51,147300,146900,-6942,-1570058,-88858,OK
55.997801,TraderOne,Tick,632,601,31,-21,147300,147100,-6058,-1564942,-87742,OK
56.23046,TraderOne,Tick,632,601,31,-21,147300,147100,-6058,-1564942,-87742,OK
56.483627,TraderOne,Tick,648,601,47,-37,147600,147100,-6294,-1575906,-95506,OK
56.775077,TraderOne,Tick,648,631,17,-7,147300,147100,-5410,-1570790,-96390,OK
56.97392,TraderOne,Tick,648,661,-13,23,147300,147100,-4526,-1559674,-91274,OK
57.293532,TraderOne,Tick,648,661,-13,23,147300,147100,-4526,-1559674,-91274,OK
57.50628,TraderOne,Tick,648,661,-13,23,147300,146800,-4526,-1559674,-94274,OK
57.739164,TraderOne,Tick,648,661,-13,23,147300,146700,-4526,-1559674,-95274,OK
58.008813,TraderOne,Tick,648,661,-13,23,147300,146600,-4526,-1559674,-96274,OK
58.235498,TraderOne,Tick,648,661,-13,23,147300,146600,-4526,-1559674,-96274,OK
58.520742,TraderOne,Tick,648,661,-13,23,147300,146700,-4526,-1559674,-95274,OK
58.791966,TraderOne,Tick,648,661,-13,23,147300,146700,-4526,-1559674,-95274,OK
58.992185,TraderOne,Tick,648,661,-13,23,147300,146700,-4526,-1559674,-95274,OK
59.234963,TraderOne,Tick,648,661,-13,23,147300,146700,-4526,-1559674,-95274,OK
59.508859,TraderOne,Tick,648,661,-13,23,147300,146500,-4526,-1559674,-97274,OK
59.757944,TraderOne,Tick,648,661,-13,23,147300,146500,-4526,-1559674,-97274,OK
59.956717,TraderOne,Tick,648,661,-13,23,147300,146500,-4526,-1559674,-97274,OK
60.284904,TraderOne,Tick,648,661,-13,23,147300,146700,-4526,-1559674,-95274,OK
60.543081,TraderOne,Tick,648,661,-13,23,147300,146700,-4526,-1559674,-95274,OK
60.704609,TraderOne,Tick,648,661,-13,23,147300,146600,-4526,-1559674,-96274,OK
61.020165,TraderOne,Tick,648,661,-13,23,147300,146500,-4526,-1559674,-97274,OK
61.269903,TraderOne,Tick,648,661,-13,23,147300,146500,-4526,-1559674,-97274,OK
61.482059,TraderOne,Tick,648,661,-13,23,147300,146500,-4526,-1559674,-97274,OK
61.708602,TraderOne,Tick,680,661,19,-9,147100,146500,-4996,-1581604,-112804,OK
62.011693,TraderOne,Tick,680,678,2,8,147000,146500,-4496,-1575304,-109904,OK
62.297195,TraderOne,Tick,680,678,2,8,147000,146300,-4496,-1575304,-111904,OK
62.45742,TraderOne,Tick,680,678,2,8,146800,146300,-4496,-1575304,-111904,OK
62.70188,TraderOne,Tick,680,678,2,8,146700,146300,-4496,-1575304,-111904,OK
63.035466,TraderOne,Tick,680,678,2,8,146700,146300,-4496,-1575304,-111904,OK
63.222041,TraderOne,Tick,680,678,2,8,146700,146300,-4496,-1575304,-111904,OK
63.500849,TraderOne,Tick,680,678,2,8,146700,146300,-4496,-1575304,-111904,OK
63.702407,TraderOne,Tick,680,678,2,8,146700,146300,-4496,-1575304,-111904,OK
63.994796,TraderOne,Tick,680,678,2,8,146700,146300,-4496,-1575304,-111904,OK
64.267436,TraderOne,Tick,696,678,18,-8,146700,146300,-4731,-1576669,-110069,OK
64.49928,TraderOne,Tick,696,678,18,-8,146700,146300,-4731,-1576669,-110069,OK
64.753805,TraderOne,Tick,696,678,18,-8,146700,146300,-4731,-1576669,-110069,OK
65.016793,TraderOne,Tick,696,678,18,-8,146700,146300,-4731,-1576669,-110069,OK
65.247413,TraderOne,Tick,696,678,18,-8,146700,146900,-4731,-1576669,-111269,OK
65.45764,TraderOne,Tick,696,678,18,-8,146700,146900,-4731,-1576669,-111269,OK
65.793029,TraderOne,Tick,696,678,18,-8,146700,146900,-4731,-1576669,-111269,OK
65.952112,TraderOne,Tick,744,678,66,-56,146600,146900,-5436,-1588764,-132964,OK
66.271634,TraderOne,Tick,744,678,66,-56,146600,146900,-5436,-1588764,-132964,OK
66.538369,TraderOne,Tick,744,742,2,8,147200,146900,-6376,-1573424,-104024,OK
66.73479,TraderOne,Tick,744,742,2,8,147200,146900,-6376,-1573424,-104024,OK
66.988111,TraderOne,Tick,792,742,50,-40,147200,146900,-6375,-1591025,-112025,OK
67.264548,TraderOne,Tick,792,742,50,-40,147200,146900,-6375,-1591025,-112025,OK
67.520989,TraderOne,Tick,808,742,66,-56,147100,146900,-6610,-1597190,-114990,OK
67.72535,TraderOne,Tick,808,742,66,-56,147100,146900,-6610,-1597190,-114990,OK
67.97402,TraderOne,Tick,808,742,66,-56,147100,146900,-6610,-1597190,-114990,OK
68.221346,TraderOne,Tick,808,775,33,-56,147100,146900,-7095,3247995,-124105,OK
68.463877,TraderOne,Tick,808,775,33,-43,146600,146900,-7095,1338295,-137305,OK
68.742575,TraderOne,Tick,808,775,33,-43,146600,147200,-7095,1338295,-140305,OK
68.974118,TraderOne,Tick,808,775,33,-43,146600,147200,-7095,1338295,-140305,OK
69.211512,TraderOne,Tick,808,790,18,-28,147300,147200,-7316,1340016,-130184,OK
69.521198,TraderOne,Tick,808,790,18,-28,147300,147200,-7316,1340016,-130184,OK
69.792979,TraderOne,Tick,808,790,18,-28,147300,147300,-7316,1340016,-132984,OK
69.953349,TraderOne,Tick,808,790,18,-28,147300,147300,-7316,1340016,-132984,OK
70.223469,TraderOne,Tick,808,790,18,-28,147300,147300,-7316,1340016,-132984,OK
70.544319,TraderOne,Tick,808,790,18,-28,147300,147300,-7316,1340016,-132984,OK
70.774868,TraderOne,Tick,856,790,66,-76,146600,147300,-8023,1334323,-151877,OK
71.049866,TraderOne,Tick,856,790,66,-76,146600,147300,-8023,1334323,-151877,OK
71.24863,TraderOne,Tick,856,790,66,-76,146600,147300,-8023,1334323,-151877,OK
71.512097,TraderOne,Tick,856,790,66,-76,146600,147300,-8023,1334323,-151877,OK
71.7252,TraderOne,Tick,856,790,66,-76,146600,147300,-8023,1334323,-151877,OK
71.996405,TraderOne,Tick,856,790,66,-76,146600,147300,-8023,1334323,-151877,OK
72.215676,TraderOne,Tick,856,790,66,-76,146600,147300,-8023,1334323,-151877,OK
72.543749,TraderOne,Tick,856,838,18,-76,147500,147300,-8731,8407031,-132769,OK
72.785227,TraderOne,Tick,868,838,30,-40,147600,147300,-8377,1329077,-137923,OK
72.955277,TraderOne,Tick,868,838,30,-40,147600,147300,-8377,1329077,-137923,OK
73.294926,TraderOne,Tick,868,838,30,-40,147600,147300,-8377,1329077,-137923,OK
73.497573,TraderOne,Tick,868,838,30,-40,147600,147200,-8377,1329077,-136923,OK
73.774678,TraderOne,Tick,868,838,30,-40,147600,147200,-8377,1329077,-136923,OK
73.978669,TraderOne,Tick,868,838,30,-40,147600,147200,-8377,1329077,-136923,OK
74.248625,TraderOne,Tick,868,838,30,-40,147600,147200,-8377,1329077,-136923,OK
74.450716,TraderOne,Tick,868,838,30,-40,147600,147200,-8377,1329077,-136923,OK
74.770995,TraderOne,Tick,868,838,30,-40,147600,147200,-8377,1329077,-136923,OK
74.978301,TraderOne,Tick,868,838,30,-40,147600,147200,-8377,1329077,-136923,OK
75.228086,TraderOne,Tick,868,838,30,-40,147600,147400,-8377,1329077,-138923,OK
75.498511,TraderOne,Tick,868,838,30,-40,147600,147400,-8377,1329077,-138923,OK
75.713665,TraderOne,Tick,868,838,30,-40,147600,147400,-8377,1329077,-138923,OK
75.960685,TraderOne,Tick,868,838,30,-40,147600,147400,-8377,1329077,-138923,OK
76.238922,TraderOne,Tick,868,838,30,-40,147600,147400,-8377,1329077,-138923,OK
76.501388,TraderOne,Tick,868,838,30,-40,147600,147500,-8377,1329077,-142923,OK
76.744192,TraderOne,Tick,868,838,30,-40,147600,147600,-8377,1329077,-146923,OK
77.010954,TraderOne,Tick,868,838,30,-40,147600,147600,-8377,1329077,-146923,OK
77.227091,TraderOne,Tick,868,838,30,-40,147600,147600,-8377,1329077,-146923,OK
77.469209,TraderOne,Tick,868,838,30,-40,147600,147600,-8377,1329077,-146923,OK
77.742052,TraderOne,Tick,872,838,34,-44,147400,147600,-8436,1328336,-154464,OK
77.952202,TraderOne,Tick,888,838,50,-60,147400,147600,-7964,1324664,-161336,OK
